date,demand,baseline,mc,exact,regret
2012-01-01,2294,3500,4250,4250,0.0
2012-01-02,1951,3500,4250,4250,0.0
2012-01-03,2236,3500,4250,4250,0.0
2012-01-04,2368,3250,4250,4250,0.0
2012-01-05,3272,3250,4250,4250,0.0
2012-01-06,4098,3250,4250,4250,0.0
2012-01-07,4521,3250,4000,4000,0.0
2012-01-08,3425,3250,4000,4000,0.0
2012-01-09,2376,3250,4000,4000,0.0
2012-01-10,3598,3250,4000,4000,0.0
2012-01-11,2177,3250,4000,4000,0.0
2012-01-12,4097,3250,4000,4000,0.0
2012-01-13,3214,3250,4000,4000,0.0
2012-01-14,2493,3250,4000,4000,0.0
2012-01-15,2311,3250,4000,4000,0.0
2012-01-16,2298,3250,4000,4000,0.0
2012-01-17,2935,3250,4000,4000,0.0
2012-01-18,3376,3250,4000,4000,0.0
2012-01-19,3292,3250,4000,4000,0.0
2012-01-20,3163,3250,4000,4000,0.0
2012-01-21,1301,3000,4000,4000,0.0
2012-01-22,1977,3000,4000,3750,4.888888888888914
2012-01-23,2432,3000,3750,3750,0.0
2012-01-24,4339,3000,3750,3750,0.0
2012-01-25,4270,3000,3750,3750,0.0
2012-01-26,4075,3000,3750,3750,0.0
2012-01-27,3456,3000,3750,4000,1.0
2012-01-28,4023,3000,3750,4000,1.0
2012-01-29,3243,3000,4000,4000,0.0
2012-01-30,3624,3000,4000,4000,0.0
2012-01-31,4509,3000,3750,4000,1.0
2012-02-01,4579,3000,3750,4000,1.0
2012-02-02,3761,3000,3750,4000,2.4444444444445708
2012-02-03,4151,3000,3750,3750,0.0
2012-02-04,2832,3000,3750,3750,0.0
2012-02-05,2947,3000,3750,3750,0.0
2012-02-06,3784,3000,3750,3750,0.0
2012-02-07,4375,3000,3750,3750,0.0
2012-02-08,2802,3000,3750,3750,0.0
2012-02-09,3830,3000,3750,3750,0.0
2012-02-10,3831,3000,3750,3750,0.0
2012-02-11,2169,3000,3750,3750,0.0
2012-02-12,1529,3000,3750,3750,0.0
2012-02-13,3422,3000,3750,3750,0.0
2012-02-14,3922,3000,3750,3750,0.0
2012-02-15,4169,3000,3750,3750,0.0
2012-02-16,3005,3000,3750,3750,0.0
2012-02-17,4154,3000,3750,3750,0.0
2012-02-18,4318,3000,3750,3750,0.0
2012-02-19,2689,3000,3750,3750,0.0
2012-02-20,3129,3000,3750,3750,0.0
2012-02-21,3777,3000,3750,3750,0.0
2012-02-22,4773,3000,3750,3750,0.0
2012-02-23,5062,3250,3750,4000,1.2777777777778283
2012-02-24,3487,3250,4000,4000,0.0
2012-02-25,2732,3250,4000,4000,0.0
2012-02-26,3389,3250,4000,4000,0.0
2012-02-27,4322,3250,4000,4000,0.0
2012-02-28,4363,3250,4000,4000,0.0
2012-02-29,1834,3250,4000,4000,0.0
2012-03-01,4990,3250,4000,4000,0.0
2012-03-02,3194,3250,4000,4000,0.0
2012-03-03,4066,3250,4000,4000,0.0
2012-03-04,3423,3250,4000,4000,0.0
2012-03-05,3333,3250,4000,4000,0.0
2012-03-06,3956,3250,4000,4000,0.0
2012-03-07,4916,3250,4000,4000,0.0
2012-03-08,5382,3250,4000,4000,0.0
2012-03-09,4569,3250,4000,4000,0.0
2012-03-10,4118,3250,4250,4250,0.0
2012-03-11,4911,3250,4250,4250,0.0
2012-03-12,5298,3250,4250,4250,0.0
2012-03-13,5847,3250,4250,4250,0.0
2012-03-14,6312,3250,4250,4250,0.0
2012-03-15,6192,3250,4250,4250,0.0
2012-03-16,4378,3500,4250,4250,0.0
2012-03-17,7836,3500,4250,4250,0.0
2012-03-18,5892,3500,4250,4250,0.0
2012-03-19,6153,3500,4250,4500,6.388888888888914
2012-03-20,6093,3500,4500,4500,0.0
2012-03-21,6230,3500,4500,4500,0.0
2012-03-22,6871,3500,4500,4500,0.0
2012-03-23,8362,3750,4500,4500,0.0
2012-03-24,3372,3750,4750,4500,4.0
2012-03-25,4996,3750,4500,4500,0.0
2012-03-26,5558,3750,4750,4750,0.0
2012-03-27,5102,3750,5000,4750,9.111111111110858
2012-03-28,5698,4000,5000,5000,0.0
2012-03-29,6133,4000,5000,5000,0.0
2012-03-30,5459,4000,5000,5000,0.0
2012-03-31,6235,4000,5000,5000,0.0
2012-04-01,6041,4000,5000,5000,0.0
2012-04-02,5936,4000,5250,5250,0.0
2012-04-03,6772,4000,5250,5250,0.0
2012-04-04,6436,4250,5500,5500,0.0
2012-04-05,6457,4250,5500,5500,0.0
2012-04-06,6460,4250,5750,5750,0.0
2012-04-07,6857,4250,5750,5750,0.0
2012-04-08,5169,4250,5750,5750,0.0
2012-04-09,5585,4250,6000,5750,4.16666666666697
2012-04-10,5918,4250,5750,5750,0.0
2012-04-11,4862,4500,5750,6000,5.166666666666515
2012-04-12,5409,4500,5750,6000,5.166666666666515
2012-04-13,6398,4500,6000,6000,0.0
2012-04-14,7460,4500,6000,6000,0.0
2012-04-15,7132,4500,6000,6000,0.0
2012-04-16,6370,4500,6000,6000,0.0
2012-04-17,6691,4500,6000,6000,0.0
2012-04-18,4367,4750,6000,6250,4.277777777777374
2012-04-19,6565,4750,6250,6250,0.0
2012-04-20,7290,4750,6250,6250,0.0
2012-04-21,6624,4750,6250,6250,0.0
2012-04-22,1027,4750,6250,6250,0.0
2012-04-23,3214,4750,6250,6250,0.0
2012-04-24,5633,4750,6250,6250,0.0
2012-04-25,6196,4750,6250,6250,0.0
2012-04-26,5026,4750,6250,6250,0.0
2012-04-27,6233,4750,6250,6250,0.0
2012-04-28,4220,4750,6250,6250,0.0
2012-04-29,6304,4750,6250,6250,0.0
2012-04-30,5572,5000,6250,6250,0.0
2012-05-01,5740,5000,6250,6250,0.0
2012-05-02,6169,5000,6250,6250,0.0
2012-05-03,6421,5000,6250,6250,0.0
2012-05-04,6296,5000,6250,6250,0.0
2012-05-05,6883,5000,6250,6250,0.0
2012-05-06,6359,5000,6250,6250,0.0
2012-05-07,6273,5000,6250,6250,0.0
2012-05-08,5728,5000,6250,6250,0.0
2012-05-09,4717,5250,6250,6250,0.0
2012-05-10,6572,5250,6250,6250,0.0
2012-05-11,7030,5250,6500,6500,0.0
2012-05-12,7429,5250,6500,6500,0.0
2012-05-13,6118,5250,6500,6500,0.0
2012-05-14,2843,5250,6500,6500,0.0
2012-05-15,5115,5250,6500,6500,0.0
2012-05-16,7424,5250,6500,6500,0.0
2012-05-17,7384,5500,6500,6500,0.0
2012-05-18,7639,5500,6500,6500,0.0
2012-05-19,8294,5500,6500,6500,0.0
2012-05-20,7129,5500,6500,6500,0.0
2012-05-21,4359,5500,6500,6500,0.0
2012-05-22,6073,5500,6750,6500,2.666666666666515
2012-05-23,5260,5500,6500,6500,0.0
2012-05-24,6770,5500,6750,6500,2.666666666666515
2012-05-25,6734,5500,6750,6750,0.0
2012-05-26,6536,5750,6750,6750,0.0
2012-05-27,6591,5750,6750,6750,0.0
2012-05-28,6043,5750,6750,6750,0.0
2012-05-29,5743,5750,6750,6750,0.0
2012-05-30,6855,5750,6750,6750,0.0
2012-05-31,7338,5750,6750,6750,0.0
2012-06-01,4127,5750,6750,6750,0.0
2012-06-02,8120,5750,6750,6750,0.0
2012-06-03,7641,6000,6750,6750,0.0
2012-06-04,6998,6000,6750,6750,0.0
2012-06-05,7001,6000,7000,7000,0.0
2012-06-06,7055,6000,7000,7000,0.0
2012-06-07,7494,6000,7000,7000,0.0
2012-06-08,7736,6000,7000,7000,0.0
2012-06-09,7498,6000,7000,7000,0.0
2012-06-10,6598,6250,7000,7000,0.0
2012-06-11,6664,6250,7000,7000,0.0
2012-06-12,4972,6250,7000,7000,0.0
2012-06-13,7421,6250,7000,7000,0.0
2012-06-14,7363,6250,7000,7000,0.0
2012-06-15,7665,6250,7250,7250,0.0
2012-06-16,7702,6250,7250,7250,0.0
2012-06-17,6978,6250,7250,7250,0.0
2012-06-18,5099,6250,7250,7250,0.0
2012-06-19,6825,6250,7250,7250,0.0
2012-06-20,6211,6250,7250,7250,0.0
2012-06-21,5905,6250,7250,7250,0.0
2012-06-22,5823,6250,7250,7250,0.0
2012-06-23,7458,6250,7250,7250,0.0
2012-06-24,6891,6250,7250,7250,0.0
2012-06-25,6779,6250,7250,7250,0.0
2012-06-26,7442,6250,7250,7250,0.0
2012-06-27,7335,6250,7250,7250,0.0
2012-06-28,6879,6250,7250,7250,0.0
2012-06-29,5463,6250,7250,7250,0.0
2012-06-30,5687,6250,7250,7250,0.0
2012-07-01,5531,6250,7250,7250,0.0
2012-07-02,6227,6250,7250,7250,0.0
2012-07-03,6660,6250,7250,7250,0.0
2012-07-04,7403,6250,7250,7250,0.0
2012-07-05,6241,6250,7250,7250,0.0
2012-07-06,6207,6250,7250,7250,0.0
2012-07-07,4840,6250,7250,7250,0.0
2012-07-08,4672,6250,7250,7250,0.0
2012-07-09,6569,6250,7250,7250,0.0
2012-07-10,6290,6250,7250,7250,0.0
2012-07-11,7264,6250,7250,7250,0.0
2012-07-12,7446,6250,7250,7250,0.0
2012-07-13,7499,6250,7250,7250,0.0
2012-07-14,6969,6250,7250,7250,0.0
2012-07-15,6031,6250,7250,7250,0.0
2012-07-16,6830,6250,7250,7250,0.0
2012-07-17,6786,6250,7250,7250,0.0
2012-07-18,5713,6250,7250,7250,0.0
2012-07-19,6591,6250,7250,7250,0.0
2012-07-20,5870,6250,7250,7250,0.0
2012-07-21,4459,6250,7250,7250,0.0
2012-07-22,7410,6250,7250,7250,0.0
2012-07-23,6966,6500,7250,7250,0.0
2012-07-24,7592,6500,7250,7250,0.0
2012-07-25,8173,6500,7250,7500,6.0
2012-07-26,6861,6500,7500,7500,0.0
2012-07-27,6904,6500,7500,7500,0.0
2012-07-28,6685,6500,7500,7500,0.0
2012-07-29,6597,6500,7500,7500,0.0
2012-07-30,7105,6500,7500,7500,0.0
2012-07-31,7216,6500,7500,7500,0.0
2012-08-01,7580,6500,7500,7500,0.0
2012-08-02,7261,6500,7500,7500,0.0
2012-08-03,7175,6500,7500,7500,0.0
2012-08-04,6824,6500,7500,7500,0.0
2012-08-05,5464,6500,7500,7500,0.0
2012-08-06,7013,6500,7500,7500,0.0
2012-08-07,7273,6500,7500,7500,0.0
2012-08-08,7534,6750,7500,7500,0.0
2012-08-09,7286,6750,7500,7500,0.0
2012-08-10,5786,6750,7500,7500,0.0
2012-08-11,6299,6500,7500,7500,0.0
2012-08-12,6544,6500,7500,7500,0.0
2012-08-13,6883,6750,7500,7500,0.0
2012-08-14,6784,6750,7500,7500,0.0
2012-08-15,7347,6750,7500,7500,0.0
2012-08-16,7605,6750,7500,7500,0.0
2012-08-17,7148,6750,7500,7500,0.0
2012-08-18,7865,6750,7500,7500,0.0
2012-08-19,4549,6750,7500,7500,0.0
2012-08-20,6530,6750,7500,7500,0.0
2012-08-21,7006,6750,7500,7500,0.0
2012-08-22,7375,6750,7500,7500,0.0
2012-08-23,7765,6750,7500,7500,0.0
2012-08-24,7582,6750,7500,7500,0.0
2012-08-25,6053,6750,7500,7500,0.0
2012-08-26,5255,6750,7500,7500,0.0
2012-08-27,6917,6750,7500,7500,0.0
2012-08-28,7040,6750,7500,7500,0.0
2012-08-29,7697,6750,7500,7500,0.0
2012-08-30,7713,6750,7500,7500,0.0
2012-08-31,7350,6750,7500,7500,0.0
2012-09-01,6140,6750,7500,7500,0.0
2012-09-02,5810,6750,7500,7500,0.0
2012-09-03,6034,6750,7500,7500,0.0
2012-09-04,6864,6750,7500,7500,0.0
2012-09-05,7112,6750,7500,7500,0.0
2012-09-06,6203,6750,7500,7500,0.0
2012-09-07,7504,6750,7500,7500,0.0
2012-09-08,5976,6750,7500,7500,0.0
2012-09-09,8227,6750,7500,7500,0.0
2012-09-10,7525,6750,7500,7500,0.0
2012-09-11,7767,6750,7500,7500,0.0
2012-09-12,7870,6750,7500,7500,0.0
2012-09-13,7804,6750,7500,7500,0.0
2012-09-14,8009,6750,7500,7500,0.0
2012-09-15,8714,6750,7500,7500,0.0
2012-09-16,7333,6750,7500,7500,0.0
2012-09-17,6869,6750,7500,7500,0.0
2012-09-18,4073,6750,7500,7500,0.0
2012-09-19,7591,6750,7500,7500,0.0
2012-09-20,7720,6750,7500,7500,0.0
2012-09-21,8167,6750,7500,7500,0.0
2012-09-22,8395,6750,7500,7500,0.0
2012-09-23,7907,6750,7500,7500,0.0
2012-09-24,7436,6750,7500,7500,0.0
2012-09-25,7538,6750,7500,7500,0.0
2012-09-26,7733,6750,7500,7500,0.0
2012-09-27,7393,6750,7500,7500,0.0
2012-09-28,7415,7000,7500,7500,0.0
2012-09-29,8555,7000,7500,7500,0.0
2012-09-30,6889,7000,7750,7750,0.0
2012-10-01,6778,7000,7750,7750,0.0
2012-10-02,4639,7000,7750,7750,0.0
2012-10-03,7572,7000,7750,7750,0.0
2012-10-04,7328,7000,7750,7750,0.0
2012-10-05,8156,7000,7750,7750,0.0
2012-10-06,7965,7000,7750,7750,0.0
2012-10-07,3510,7000,7750,7750,0.0
2012-10-08,5478,7000,7750,7750,0.0
2012-10-09,6392,7000,7750,7750,0.0
2012-10-10,7691,7000,7750,7750,0.0
2012-10-11,7570,7000,7750,7750,0.0
2012-10-12,7282,7000,7750,7750,0.0
2012-10-13,7109,7000,7750,7750,0.0
2012-10-14,6639,7000,7750,7750,0.0
2012-10-15,5875,7000,7750,7750,0.0
2012-10-16,7534,7000,7750,7750,0.0
2012-10-17,7461,7000,7750,7750,0.0
2012-10-18,7509,7000,7750,7750,0.0
2012-10-19,5424,7000,7750,7750,0.0
2012-10-20,8090,7000,7750,7750,0.0
2012-10-21,6824,7000,7750,7750,0.0
2012-10-22,7058,7000,7750,7750,0.0
2012-10-23,7466,7000,7750,7750,0.0
2012-10-24,7693,7000,7750,7750,0.0
2012-10-25,7359,7000,7750,7750,0.0
2012-10-26,7444,7000,7750,7750,0.0
2012-10-27,7852,7000,7750,7750,0.0
2012-10-28,4459,7000,7750,7750,0.0
2012-10-29,22,7000,7750,7750,0.0
2012-10-30,1096,7000,7750,7750,0.0
2012-10-31,5566,7000,7750,7750,0.0
2012-11-01,5986,6750,7750,7750,0.0
2012-11-02,5847,6750,7750,7750,0.0
2012-11-03,5138,6750,7750,7750,0.0
2012-11-04,5107,6750,7750,7750,0.0
2012-11-05,5259,6750,7750,7750,0.0
2012-11-06,5686,6750,7750,7750,0.0
2012-11-07,5035,6750,7750,7750,0.0
2012-11-08,5315,6750,7750,7750,0.0
2012-11-09,5992,6750,7750,7750,0.0
2012-11-10,6536,6750,7750,7750,0.0
2012-11-11,6852,6750,7750,7750,0.0
2012-11-12,6269,6750,7750,7750,0.0
2012-11-13,4094,6750,7750,7750,0.0
2012-11-14,5495,6750,7750,7750,0.0
2012-11-15,5445,6750,7750,7750,0.0
2012-11-16,5698,6750,7750,7750,0.0
2012-11-17,5629,6500,7750,7750,0.0
2012-11-18,4669,6750,7750,7750,0.0
2012-11-19,5499,6500,7750,7750,0.0
2012-11-20,5634,6500,7750,7750,0.0
2012-11-21,5146,6500,7750,7750,0.0
2012-11-22,2425,6500,7750,7750,0.0
2012-11-23,3910,6500,7750,7750,0.0
2012-11-24,2277,6500,7750,7750,0.0
2012-11-25,2424,6500,7750,7750,0.0
2012-11-26,5087,6500,7750,7750,0.0
2012-11-27,3959,6250,7750,7750,0.0
2012-11-28,5260,6250,7750,7750,0.0
2012-11-29,5323,6250,7750,7750,0.0
2012-11-30,5668,6250,7750,7750,0.0
2012-12-01,5191,6250,7750,7750,0.0
2012-12-02,4649,6250,7750,7750,0.0
2012-12-03,6234,6250,7750,7750,0.0
2012-12-04,6606,6250,7750,7750,0.0
2012-12-05,5729,6250,7750,7750,0.0
2012-12-06,5375,6250,7750,7750,0.0
2012-12-07,5008,6250,7750,7750,0.0
2012-12-08,5582,6250,7750,7750,0.0
2012-12-09,3228,6250,7500,7500,0.0
2012-12-10,5170,6000,7500,7500,0.0
2012-12-11,5501,6000,7500,7500,0.0
2012-12-12,5319,6000,7500,7500,0.0
2012-12-13,5532,6000,7500,7500,0.0
2012-12-14,5611,6000,7500,7500,0.0
2012-12-15,5047,6000,7500,7500,0.0
2012-12-16,3786,6000,7500,7500,0.0
2012-12-17,4585,6000,7500,7500,0.0
2012-12-18,5557,6000,7500,7500,0.0
2012-12-19,5267,6000,7500,7500,0.0
2012-12-20,4128,5750,7500,7500,0.0
2012-12-21,3623,5750,7500,7500,0.0
2012-12-22,1749,5750,7500,7500,0.0
2012-12-23,1787,5750,7500,7500,0.0
2012-12-24,920,5750,7250,7250,0.0
2012-12-25,1013,5500,7250,7250,0.0
2012-12-26,441,5500,7250,7250,0.0
2012-12-27,2114,5500,7250,7250,0.0
2012-12-28,3095,5250,7000,7000,0.0
2012-12-29,1341,5250,7000,7000,0.0
2012-12-30,1796,5250,7000,7000,0.0
2012-12-31,2729,5250,7000,7000,0.0
